epoch,abs_relative_diff,loss,rmse,squared_relative_diff
0,27.283228,1.5988296713710817,3.4354184,31.958685
